0,Academic_Building,Annex_Lift_29_30_Elect,Meter_M0289,GUI_NO.M0289.xlsx
1,Academic_Building,Annex_Lift_29_30_Elect,Meter_M0290,GUI_NO.M0290.xlsx
2,Academic_Building,Annex_Lift_29_30_Elect,Meter_M0291,GUI_NO.M0291.xlsx
3,Academic_Building,Annex_Lift_29_30_Elect,Meter_M0293,GUI_NO.M0293.xlsx
4,Academic_Building,Annex_Lift_29_30_Elect,Meter_M0295,GUI_NO.M0295.xlsx
5,Academic_Building,Annex_Lift_29_30_Elect,Meter_M0296,GUI_NO.M0296.xlsx
6,Academic_Building,Annex_Lift_29_30_Elect,Meter_M0529,GUI_NO.M0529.xlsx
7,Academic_Building,Annex_Lift_29_30_Elect,Meter_M0530,GUI_NO.M0530.xlsx
8,Academic_Building,Annex_Lift_29_30_Elect,Meter_D0695,GUI_NO.D0695.xlsx
9,Academic_Building,Annex_Lift_29_30_Elect,Meter_D0696,GUI_NO.D0696.xlsx
10,Academic_Building,Annex_Lift_29_30_Elect,Meter_M0292,GUI_NO.M0292.xlsx
11,Academic_Building,Annex_Lift_29_30_Elect,Meter_M0294,GUI_NO.M0294.xlsx
12,Academic_Building,Boiler_Water_Plant_LG1_BSU_Elect,Meter_M0126,GUI_NO.M0126.xlsx
13,Academic_Building,Boiler_Water_Plant_LG1_BSU_Elect,Meter_M0127,GUI_NO.M0127.xlsx
14,Academic_Building,Boiler_Water_Plant_LG1_BSU_Elect,Meter_M0128,GUI_NO.M0128.xlsx
15,Academic_Building,Boiler_Water_Plant_LG1_BSU_Elect,Meter_M0129,GUI_NO.M0129.xlsx
16,Academic_Building,Boiler_Water_Plant_LG1_BSU_Elect,Meter_M0130,GUI_NO.M0130.xlsx
17,Academic_Building,Building_Service_Unit_LG5_Elect,Meter_M0121,GUI_NO.M0121.xlsx
18,Academic_Building,Building_Service_Unit_LG5_Elect,Meter_M0122,GUI_NO.M0122.xlsx
19,Academic_Building,Building_Service_Unit_LG5_Elect,Meter_M0123,GUI_NO.M0123.xlsx
20,Academic_Building,Building_Service_Unit_LG5_Elect,Meter_M0124,GUI_NO.M0124.xlsx
21,Academic_Building,Building_Service_Unit_LG5_Elect,Meter_M0125,GUI_NO.M0125.xlsx
22,Academic_Building,Building_Service_Unit_LG5_Elect,Meter_M0112,GUI_NO.M0112.xlsx
23,Academic_Building,Carpark_Elect,Meter_D0705,GUI_NO.D0705.xlsx
24,Academic_Building,Carpark_MCC_from_SB1_8A_Elect,Meter_M0113,GUI_NO.M0113.xlsx
25,Academic_Building,Carpark_MCC_from_SB1_8A_Elect,Meter_M0114,GUI_NO.M0114.xlsx
26,Academic_Building,Carpark_MCC_from_SB1_8A_Elect,Meter_M0115,GUI_NO.M0115.xlsx
27,Academic_Building,Carpark_MCC_from_SB1_8A_Elect,Meter_M0116,GUI_NO.M0116.xlsx
28,Academic_Building,Carpark_TX3_MCC_From_SB_1_1A_Elect,Meter_M0117,GUI_NO.M0117.xlsx
29,Academic_Building,Carpark_TX3_MCC_From_SB_1_1A_Elect,Meter_M0118,GUI_NO.M0118.xlsx
30,Academic_Building,Carpark_TX3_MCC_From_SB_1_1A_Elect,Meter_M0119,GUI_NO.M0119.xlsx
31,Academic_Building,Carpark_TX3_MCC_From_SB_1_1A_Elect,Meter_M0120,GUI_NO.M0120.xlsx
32,Academic_Building,Enterprise_Centre_Elect,Meter_D0808,GUI_NO.D0808.xlsx
33,Academic_Building,Enterprise_Centre_Elect,Meter_D0809,GUI_NO.D0809.xlsx
34,Academic_Building,Enterprise_Centre_Elect,Meter_D0810,GUI_NO.D0810.xlsx
35,Academic_Building,Enterprise_Centre_Elect,Meter_D0811,GUI_NO.D0811.xlsx
36,Academic_Building,Enterprise_Centre_Elect,Meter_D0812,GUI_NO.D0812.xlsx
37,Academic_Building,Enterprise_Centre_Elect,Meter_D0813,GUI_NO.D0813.xlsx
38,Academic_Building,Enterprise_Centre_Elect,Meter_D0814,GUI_NO.D0814.xlsx
39,Academic_Building,Enterprise_Centre_Elect,Meter_D0815,GUI_NO.D0815.xlsx
40,Academic_Building,Enterprise_Centre_Elect,Meter_D0816,GUI_NO.D0816.xlsx
41,Academic_Building,Enterprise_Centre_Elect,Meter_D0818,GUI_NO.D0818.xlsx
42,Academic_Building,Enterprise_Centre_Elect,Meter_D0819,GUI_NO.D0819.xlsx
43,Academic_Building,Enterprise_Centre_Elect,Meter_D0820,GUI_NO.D0820.xlsx
44,Academic_Building,Enterprise_Centre_Elect,Meter_D0821,GUI_NO.D0821.xlsx
45,Academic_Building,Enterprise_Centre_Elect,Meter_D0823,GUI_NO.D0823.xlsx
46,Academic_Building,Enterprise_Centre_Elect,Meter_D0825,GUI_NO.D0825.xlsx
47,Academic_Building,Enterprise_Centre_Elect,Meter_D0826,GUI_NO.D0826.xlsx
48,Academic_Building,Enterprise_Centre_Elect,Meter_D0817,GUI_NO.D0817.xlsx
49,Academic_Building,Enterprise_Centre_Elect,Meter_D0822,GUI_NO.D0822.xlsx
50,Academic_Building,Enterprise_Centre_Elect,Meter_D0824,GUI_NO.D0824.xlsx
51,Academic_Building,Enterprise_Centre_Enterprise_Centre___L3_Elect,Meter_M0035,GUI_NO.M0035.xlsx
52,Academic_Building,Enterprise_Centre_Enterprise_Centre___L3_Elect,Meter_M0036,GUI_NO.M0036.xlsx
53,Academic_Building,Enterprise_Centre_Enterprise_Centre___L3_Elect,Meter_M0037,GUI_NO.M0037.xlsx
54,Academic_Building,Enterprise_Centre_Enterprise_Centre___L3_Elect,Meter_M0038,GUI_NO.M0038.xlsx
55,Academic_Building,Enterprise_Centre_Enterprise_Centre___L3_Elect,Meter_M0039,GUI_NO.M0039.xlsx
56,Academic_Building,Enterprise_Centre_Enterprise_Centre___L3_Elect,Meter_M0040,GUI_NO.M0040.xlsx
57,Academic_Building,Enterprise_Centre_Enterprise_Centre___L3_Elect,Meter_M0041,GUI_NO.M0041.xlsx
58,Academic_Building,Enterprise_Centre_Enterprise_Centre___L3_Elect,Meter_M0042,GUI_NO.M0042.xlsx
59,Academic_Building,Enterprise_Centre_Lab_L3_Elect,Meter_D0408,GUI_NO.D0408.xlsx
60,Academic_Building,Enterprise_Centre_Lab_L3_Elect,Meter_M0043,GUI_NO.M0043.xlsx
61,Academic_Building,Enterprise_Centre_Lab_L3_Elect,Meter_M0044,GUI_NO.M0044.xlsx
62,Academic_Building,Enterprise_Centre_Lab_L3_Elect,Meter_M0045,GUI_NO.M0045.xlsx
63,Academic_Building,Enterprise_Centre_Lab_L3_Elect,Meter_M0046,GUI_NO.M0046.xlsx
64,Academic_Building,Enterprise_Centre_Lab_L3_Elect,Meter_M0047,GUI_NO.M0047.xlsx
65,Academic_Building,Enterprise_Centre_Lab_L3_Elect,Meter_M0048,GUI_NO.M0048.xlsx
66,Academic_Building,Enterprise_Centre_Lab_L3_Elect,Meter_M0049,GUI_NO.M0049.xlsx
67,Academic_Building,Enterprise_Centre_Lab_L3_Elect,Meter_M0050,GUI_NO.M0050.xlsx
68,Academic_Building,Enterprise_Centre_Lab_L3_Elect,Meter_M0051,GUI_NO.M0051.xlsx
69,Academic_Building,Enterprise_Centre_Lab_L3_Elect,Meter_M0052,GUI_NO.M0052.xlsx
70,Academic_Building,Enterprise_Centre_Lab_L3_Elect,Meter_M0503,GUI_NO.M0503.xlsx
71,Academic_Building,G_F_Canteen_Lift_13_15_Elect,Meter_M0528,GUI_NO.M0528.xlsx
72,Academic_Building,Indoor_Carpark_Elect,Meter_D0601,GUI_NO.D0601.xlsx
73,Academic_Building,Indoor_Carpark_Elect,Meter_D0602,GUI_NO.D0602.xlsx
74,Academic_Building,Indoor_Carpark_Elect,Meter_D0603,GUI_NO.D0603.xlsx
75,Academic_Building,Indoor_Carpark_Elect,Meter_D0604,GUI_NO.D0604.xlsx
76,Academic_Building,Indoor_Carpark_Elect,Meter_D0876,GUI_NO.D0876.xlsx
77,Academic_Building,Indoor_Carpark_Elect,Meter_D0877,GUI_NO.D0877.xlsx
78,Academic_Building,Indoor_Carpark_Elect,Meter_D0878,GUI_NO.D0878.xlsx
79,Academic_Building,Indoor_Carpark_Elect,Meter_M0564,GUI_NO.M0564.xlsx
80,Academic_Building,Indoor_Carpark_Elect,Meter_M0565,GUI_NO.M0565.xlsx
81,Academic_Building,Indoor_Carpark_Elect,Meter_M0566,GUI_NO.M0566.xlsx
82,Academic_Building,Indoor_Carpark_Elect,Meter_M0567,GUI_NO.M0567.xlsx
83,Academic_Building,Indoor_Carpark_Elect,Meter_M0568,GUI_NO.M0568.xlsx
84,Academic_Building,Indoor_Carpark_Elect,Meter_M0569,GUI_NO.M0569.xlsx
85,Academic_Building,Indoor_Carpark_Switch_Board_2_Elect,Meter_M0098,GUI_NO.M0098.xlsx
86,Academic_Building,Indoor_Carpark_Switch_Board_2_Elect,Meter_M0099,GUI_NO.M0099.xlsx
87,Academic_Building,Indoor_Carpark_Switch_Board_2_Elect,Meter_M0100,GUI_NO.M0100.xlsx
88,Academic_Building,Indoor_Carpark_Switch_Board_2_Elect,Meter_M0101,GUI_NO.M0101.xlsx
89,Academic_Building,Indoor_Carpark_Switch_Board_2_Elect,Meter_M0103,GUI_NO.M0103.xlsx
90,Academic_Building,Indoor_Carpark_Switch_Board_2_Elect,Meter_M0104,GUI_NO.M0104.xlsx
91,Academic_Building,Indoor_Carpark_Switch_Board_2_Elect,Meter_M0105,GUI_NO.M0105.xlsx
92,Academic_Building,Indoor_Carpark_Switch_Board_2_Elect,Meter_M0106,GUI_NO.M0106.xlsx
93,Academic_Building,Indoor_Carpark_Switch_Board_2_Elect,Meter_M0107,GUI_NO.M0107.xlsx
94,Academic_Building,Indoor_Carpark_Switch_Board_2_Elect,Meter_M0108,GUI_NO.M0108.xlsx
95,Academic_Building,Indoor_Carpark_Switch_Board_2_Elect,Meter_M0109,GUI_NO.M0109.xlsx
96,Academic_Building,Indoor_Carpark_Switch_Board_2_Elect,Meter_M0110,GUI_NO.M0110.xlsx
97,Academic_Building,Indoor_Carpark_Switch_Board_2_Elect,Meter_M0111,GUI_NO.M0111.xlsx
98,Academic_Building,Indoor_Carpark_Switch_Board_2_Elect,Meter_M0102,GUI_NO.M0102.xlsx
99,Academic_Building,Information_Technology_Services_Centre_Data_Centre_RM2113_Elect,Meter_H0080,GUI_NO.H0080.xlsx
100,Academic_Building,Information_Technology_Services_Centre_Data_Centre_RM2113_Elect,Meter_H0081,GUI_NO.H0081.xlsx
101,Academic_Building,Information_Technology_Services_Centre_Data_Centre_RM2113_Elect,Meter_H0082,GUI_NO.H0082.xlsx
102,Academic_Building,Information_Technology_Services_Centre_Data_Centre_RM2113_Elect,Meter_H0083,GUI_NO.H0083.xlsx
103,Academic_Building,Information_Technology_Services_Centre_Data_Centre_RM2113_Elect,Meter_H0084,GUI_NO.H0084.xlsx
104,Academic_Building,Information_Technology_Services_Centre_Data_Centre_RM2113_Elect,Meter_H0085,GUI_NO.H0085.xlsx
105,Academic_Building,Information_Technology_Services_Centre_Data_Centre_RM2124_Elect,Meter_H0066,GUI_NO.H0066.xlsx
106,Academic_Building,Information_Technology_Services_Centre_Data_Centre_RM2124_Elect,Meter_H0067,GUI_NO.H0067.xlsx
107,Academic_Building,Information_Technology_Services_Centre_Data_Centre_RM2124_Elect,Meter_H0068,GUI_NO.H0068.xlsx
108,Academic_Building,Information_Technology_Services_Centre_Data_Centre_RM2124_Elect,Meter_H0069,GUI_NO.H0069.xlsx
109,Academic_Building,Information_Technology_Services_Centre_Data_Centre_RM2124_Elect,Meter_H0070,GUI_NO.H0070.xlsx
110,Academic_Building,Information_Technology_Services_Centre_Data_Centre_RM2124_Elect,Meter_H0071,GUI_NO.H0071.xlsx
111,Academic_Building,Information_Technology_Services_Centre_Data_Centre_RM2124_Elect,Meter_H0072,GUI_NO.H0072.xlsx
112,Academic_Building,Information_Technology_Services_Centre_Data_Centre_RM2124_Elect,Meter_H0073,GUI_NO.H0073.xlsx
113,Academic_Building,Information_Technology_Services_Centre_Data_Centre_RM2124_Elect,Meter_H0074,GUI_NO.H0074.xlsx
114,Academic_Building,Information_Technology_Services_Centre_Data_Centre_RM2124_Elect,Meter_H0075,GUI_NO.H0075.xlsx
115,Academic_Building,Information_Technology_Services_Centre_Data_Centre_RM2124_Elect,Meter_H0076,GUI_NO.H0076.xlsx
116,Academic_Building,Information_Technology_Services_Centre_Data_Centre_RM2124_Elect,Meter_H0077,GUI_NO.H0077.xlsx
117,Academic_Building,Information_Technology_Services_Centre_Data_Centre_RM2124_Elect,Meter_H0078,GUI_NO.H0078.xlsx
118,Academic_Building,Information_Technology_Services_Centre_Data_Centre_RM2124_Elect,Meter_H0079,GUI_NO.H0079.xlsx
119,Academic_Building,LG1_G_F_Canteen_Lift_13_15_Elect,Meter_M0527,GUI_NO.M0527.xlsx
120,Academic_Building,LG1_Sport_Hall_Elect,Meter_M0562,GUI_NO.M0562.xlsx
121,Academic_Building,LG1_Sport_Hall_Elect,Meter_M0563,GUI_NO.M0563.xlsx
122,Academic_Building,LG5_Sub_Main_Switch_Room_Elect,Meter_M0531,GUI_NO.M0531.xlsx
123,Academic_Building,LG5_Sub_Main_Switch_Room_Elect,Meter_M0532,GUI_NO.M0532.xlsx
124,Academic_Building,LG7_Canteen_Elect,Meter_D0425,GUI_NO.D0425.xlsx
125,Academic_Building,LG7_Canteen_Elect,Meter_D0426,GUI_NO.D0426.xlsx
126,Academic_Building,LG7_Canteen_Elect,Meter_D0427,GUI_NO.D0427.xlsx
127,Academic_Building,LG7_Canteen_Elect,Meter_D0428,GUI_NO.D0428.xlsx
128,Academic_Building,LG7_Canteen_Elect,Meter_D0429,GUI_NO.D0429.xlsx
129,Academic_Building,Library_Canteen_Building_Elect,Meter_D0403,GUI_NO.D0403.xlsx
130,Academic_Building,Library_Canteen_Building_Elect,Meter_D0404,GUI_NO.D0404.xlsx
131,Academic_Building,Library_Canteen_Building_Elect,Meter_D0409,GUI_NO.D0409.xlsx
132,Academic_Building,Library_Canteen_Building_Elect,Meter_M0076,GUI_NO.M0076.xlsx
133,Academic_Building,Library_Canteen_Building_Elect,Meter_M0077,GUI_NO.M0077.xlsx
134,Academic_Building,Library_Canteen_Building_Elect,Meter_M0078,GUI_NO.M0078.xlsx
135,Academic_Building,Library_Canteen_Building_Elect,Meter_M0079,GUI_NO.M0079.xlsx
136,Academic_Building,Library_Canteen_Building_Elect,Meter_M0080,GUI_NO.M0080.xlsx
137,Academic_Building,Library_Canteen_Building_Elect,Meter_M0081,GUI_NO.M0081.xlsx
138,Academic_Building,Library_Canteen_Building_Elect,Meter_M0083,GUI_NO.M0083.xlsx
139,Academic_Building,Library_Canteen_Building_Elect,Meter_M0084,GUI_NO.M0084.xlsx
140,Academic_Building,Library_Canteen_Building_Elect,Meter_M0085,GUI_NO.M0085.xlsx
141,Academic_Building,Library_Canteen_Building_Elect,Meter_M0086,GUI_NO.M0086.xlsx
142,Academic_Building,Library_Canteen_Building_Elect,Meter_M0088,GUI_NO.M0088.xlsx
143,Academic_Building,Library_Canteen_Building_Elect,Meter_M0089,GUI_NO.M0089.xlsx
144,Academic_Building,Library_Canteen_Building_Elect,Meter_M0090,GUI_NO.M0090.xlsx
145,Academic_Building,Library_Canteen_Building_Elect,Meter_M0091,GUI_NO.M0091.xlsx
146,Academic_Building,Library_Canteen_Building_Elect,Meter_M0092,GUI_NO.M0092.xlsx
147,Academic_Building,Library_Canteen_Building_Elect,Meter_M0094,GUI_NO.M0094.xlsx
148,Academic_Building,Library_Canteen_Building_Elect,Meter_M0095,GUI_NO.M0095.xlsx
149,Academic_Building,Library_Canteen_Building_Elect,Meter_M0096,GUI_NO.M0096.xlsx
150,Academic_Building,Library_Canteen_Building_Elect,Meter_M0097,GUI_NO.M0097.xlsx
151,Academic_Building,Library_Canteen_Building_Elect,Meter_M0549,GUI_NO.M0549.xlsx
152,Academic_Building,Library_Canteen_Building_Elect,Meter_M0550,GUI_NO.M0550.xlsx
153,Academic_Building,Library_Canteen_Building_Elect,Meter_M0551,GUI_NO.M0551.xlsx
154,Academic_Building,Library_Canteen_Building_Elect,Meter_M0082,GUI_NO.M0082.xlsx
155,Academic_Building,Library_Canteen_Building_Elect,Meter_M0087,GUI_NO.M0087.xlsx
156,Academic_Building,Library_Canteen_Building_Elect,Meter_M0093,GUI_NO.M0093.xlsx
157,Academic_Building,Library_Elect,Meter_M0602,GUI_NO.M0602.xlsx
158,Academic_Building,Phase_1_Academic_Building_Elect,Meter_D0605,GUI_NO.D0605.xlsx
159,Academic_Building,Phase_1_Academic_Building_Elect,Meter_D0607,GUI_NO.D0607.xlsx
160,Academic_Building,Phase_1_Academic_Building_Elect,Meter_D0608,GUI_NO.D0608.xlsx
161,Academic_Building,Phase_1_Academic_Building_Elect,Meter_D0609,GUI_NO.D0609.xlsx
162,Academic_Building,Phase_1_Academic_Building_Elect,Meter_D0610,GUI_NO.D0610.xlsx
163,Academic_Building,Phase_1_Academic_Building_Elect,Meter_D0611,GUI_NO.D0611.xlsx
164,Academic_Building,Phase_1_Academic_Building_Elect,Meter_D0612,GUI_NO.D0612.xlsx
165,Academic_Building,Phase_1_Academic_Building_Elect,Meter_D0615,GUI_NO.D0615.xlsx
166,Academic_Building,Phase_1_Academic_Building_Elect,Meter_D0616,GUI_NO.D0616.xlsx
167,Academic_Building,Phase_1_Academic_Building_Elect,Meter_D0617,GUI_NO.D0617.xlsx
168,Academic_Building,Phase_1_Academic_Building_Elect,Meter_D0618,GUI_NO.D0618.xlsx
169,Academic_Building,Phase_1_Academic_Building_Elect,Meter_D0867,GUI_NO.D0867.xlsx
170,Academic_Building,Phase_1_Academic_Building_Elect,Meter_D0868,GUI_NO.D0868.xlsx
171,Academic_Building,Phase_1_Academic_Building_Elect,Meter_D0869,GUI_NO.D0869.xlsx
172,Academic_Building,Phase_1_Academic_Building_Elect,Meter_D0870,GUI_NO.D0870.xlsx
173,Academic_Building,Phase_1_Academic_Building_Elect,Meter_D0871,GUI_NO.D0871.xlsx
174,Academic_Building,Phase_1_Academic_Building_Elect,Meter_D0872,GUI_NO.D0872.xlsx
175,Academic_Building,Phase_1_Academic_Building_Elect,Meter_D0884,GUI_NO.D0884.xlsx
176,Academic_Building,Phase_1_Academic_Building_Elect,Meter_D0885,GUI_NO.D0885.xlsx
177,Academic_Building,Phase_1_Academic_Building_Elect,Meter_D0886,GUI_NO.D0886.xlsx
178,Academic_Building,Phase_1_Academic_Building_Elect,Meter_D0887,GUI_NO.D0887.xlsx
179,Academic_Building,Phase_1_Academic_Building_Elect,Meter_H0165,GUI_NO.H0165.xlsx
180,Academic_Building,Phase_1_Academic_Building_Elect,Meter_M0560,GUI_NO.M0560.xlsx
181,Academic_Building,Phase_1_Academic_Building_Elect,Meter_M0561,GUI_NO.M0561.xlsx
182,Academic_Building,Phase_2_Academic_Building_Elect,Meter_D0627,GUI_NO.D0627.xlsx
183,Academic_Building,Phase_2_Academic_Building_Elect,Meter_D0628,GUI_NO.D0628.xlsx
184,Academic_Building,Phase_2_Academic_Building_Elect,Meter_D0629,GUI_NO.D0629.xlsx
185,Academic_Building,Phase_2_Academic_Building_Elect,Meter_D0630,GUI_NO.D0630.xlsx
186,Academic_Building,Phase_2_Academic_Building_Elect,Meter_D0631,GUI_NO.D0631.xlsx
187,Academic_Building,Phase_2_Academic_Building_Elect,Meter_D0632,GUI_NO.D0632.xlsx
188,Academic_Building,Phase_2_Academic_Building_Elect,Meter_D0641,GUI_NO.D0641.xlsx
189,Academic_Building,Phase_2_Academic_Building_Elect,Meter_D0642,GUI_NO.D0642.xlsx
190,Academic_Building,Phase_2_Academic_Building_Elect,Meter_D0643,GUI_NO.D0643.xlsx
191,Academic_Building,Phase_2_Academic_Building_Elect,Meter_D0644,GUI_NO.D0644.xlsx
192,Academic_Building,Phase_2_Academic_Building_Elect,Meter_D0638,GUI_NO.D0638.xlsx
193,Academic_Building,Plumbing_Drainage_Switch_Board_Elect,Meter_M0131,GUI_NO.M0131.xlsx
194,Academic_Building,Plumbing_Drainage_Switch_Board_Elect,Meter_M0132,GUI_NO.M0132.xlsx
195,Academic_Building,Plumbing_Drainage_Switch_Board_Elect,Meter_M0133,GUI_NO.M0133.xlsx
196,Academic_Building,Plumbing_Drainage_Switch_Board_Elect,Meter_M0134,GUI_NO.M0134.xlsx
197,Academic_Building,Plumbing_Drainage_Switch_Board_Elect,Meter_M0135,GUI_NO.M0135.xlsx
198,Academic_Building,Plumbing_Drainage_Switch_Board_Elect,Meter_M0136,GUI_NO.M0136.xlsx
199,Academic_Building,Plumbing_Drainage_Switch_Board_Elect,Meter_M0137,GUI_NO.M0137.xlsx
200,Academic_Building,Plumbing_Drainage_Switch_Board_Elect,Meter_M0138,GUI_NO.M0138.xlsx
201,Academic_Building,Plumbing_Drainage_Switch_Board_Elect,Meter_M0139,GUI_NO.M0139.xlsx
202,Academic_Building,Plumbing_Drainage_Switch_Board_Elect,Meter_M0140,GUI_NO.M0140.xlsx
203,Academic_Building,Plumbing_Drainage_Switch_Board_Elect,Meter_M0141,GUI_NO.M0141.xlsx
204,Academic_Building,Plumbing_Drainage_Switch_Board_Elect,Meter_M0142,GUI_NO.M0142.xlsx
205,Academic_Building,Plumbing_Drainage_Switch_Board_Elect,Meter_M0143,GUI_NO.M0143.xlsx
206,Academic_Building,Plumbing_Drainage_Switch_Board_Elect,Meter_M0144,GUI_NO.M0144.xlsx
207,Academic_Building,Plumbing_Drainage_Switch_Board_Elect,Meter_M0145,GUI_NO.M0145.xlsx
208,Academic_Building,Plumbing_Drainage_Switch_Board_Elect,Meter_M0146,GUI_NO.M0146.xlsx
209,Academic_Building,Plumbing_Drainage_Switch_Board_Elect,Meter_M0147,GUI_NO.M0147.xlsx
210,Academic_Building,Plumbing_Drainage_Switch_Board_Elect,Meter_M0148,GUI_NO.M0148.xlsx
211,Academic_Building,Plumbing_Drainage_Switch_Board_Elect,Meter_M0149,GUI_NO.M0149.xlsx
212,Academic_Building,Zone_A1_A2_Lift_3_4_Elect,Meter_D0614,GUI_NO.D0614.xlsx
213,Academic_Building,Zone_A1_A2_Lift_3_4_Elect,Meter_D0874,GUI_NO.D0874.xlsx
214,Academic_Building,Zone_A1_A2_Lift_3_4_Elect,Meter_M0180,GUI_NO.M0180.xlsx
215,Academic_Building,Zone_A1_A2_Lift_3_4_Elect,Meter_M0181,GUI_NO.M0181.xlsx
216,Academic_Building,Zone_A1_A2_Lift_3_4_Elect,Meter_M0182,GUI_NO.M0182.xlsx
217,Academic_Building,Zone_A1_A2_Lift_3_4_Elect,Meter_M0183,GUI_NO.M0183.xlsx
218,Academic_Building,Zone_A1_A2_Lift_3_4_Elect,Meter_M0184,GUI_NO.M0184.xlsx
219,Academic_Building,Zone_A1_A2_Lift_3_4_Elect,Meter_M0185,GUI_NO.M0185.xlsx
220,Academic_Building,Zone_A1_A2_Lift_3_4_Elect,Meter_M0186,GUI_NO.M0186.xlsx
221,Academic_Building,Zone_A1_A2_Lift_3_4_Elect,Meter_M0187,GUI_NO.M0187.xlsx
222,Academic_Building,Zone_A1_A2_Lift_3_4_Elect,Meter_M0188,GUI_NO.M0188.xlsx
223,Academic_Building,Zone_A1_A2_Lift_3_4_Elect,Meter_M0189,GUI_NO.M0189.xlsx
224,Academic_Building,Zone_A1_A2_Lift_3_4_Elect,Meter_M0190,GUI_NO.M0190.xlsx
225,Academic_Building,Zone_A1_A2_Lift_3_4_Elect,Meter_M0191,GUI_NO.M0191.xlsx
226,Academic_Building,Zone_A1_A2_Lift_3_4_Elect,Meter_M0192,GUI_NO.M0192.xlsx
227,Academic_Building,Zone_A1_A2_Lift_3_4_Elect,Meter_M0193,GUI_NO.M0193.xlsx
228,Academic_Building,Zone_A1_A2_Lift_3_4_Elect,Meter_M0194,GUI_NO.M0194.xlsx
229,Academic_Building,Zone_A1_A2_Lift_3_4_Elect,Meter_M0195,GUI_NO.M0195.xlsx
230,Academic_Building,Zone_A1_A2_Lift_3_4_Elect,Meter_M0196,GUI_NO.M0196.xlsx
231,Academic_Building,Zone_A1_A2_Lift_3_4_Elect,Meter_M0197,GUI_NO.M0197.xlsx
232,Academic_Building,Zone_A1_A2_Lift_3_4_Elect,Meter_M0198,GUI_NO.M0198.xlsx
233,Academic_Building,Zone_A1_A2_Lift_3_4_Elect,Meter_M0199,GUI_NO.M0199.xlsx
234,Academic_Building,Zone_A1_A2_Lift_3_4_Elect,Meter_M0200,GUI_NO.M0200.xlsx
235,Academic_Building,Zone_A1_A2_Lift_3_4_Elect,Meter_M0201,GUI_NO.M0201.xlsx
236,Academic_Building,Zone_A1_A2_Lift_3_4_Elect,Meter_M0202,GUI_NO.M0202.xlsx
237,Academic_Building,Zone_A1_A2_Lift_3_4_Elect,Meter_M0203,GUI_NO.M0203.xlsx
238,Academic_Building,Zone_A1_A2_Lift_3_4_Elect,Meter_M0204,GUI_NO.M0204.xlsx
239,Academic_Building,Zone_A1_A2_Lift_3_4_Elect,Meter_M0205,GUI_NO.M0205.xlsx
240,Academic_Building,Zone_A1_A2_Lift_3_4_Elect,Meter_M0206,GUI_NO.M0206.xlsx
241,Academic_Building,Zone_A1_A2_Lift_3_4_Elect,Meter_M0207,GUI_NO.M0207.xlsx
242,Academic_Building,Zone_A1_A2_Lift_3_4_Elect,Meter_M0208,GUI_NO.M0208.xlsx
243,Academic_Building,Zone_A1_A2_Lift_3_4_Elect,Meter_M0209,GUI_NO.M0209.xlsx
244,Academic_Building,Zone_A1_A2_Lift_3_4_Elect,Meter_M0210,GUI_NO.M0210.xlsx
245,Academic_Building,Zone_A1_A2_Lift_3_4_Elect,Meter_M0211,GUI_NO.M0211.xlsx
246,Academic_Building,Zone_A1_A2_Lift_3_4_Elect,Meter_M0212,GUI_NO.M0212.xlsx
247,Academic_Building,Zone_A1_A2_Lift_3_4_Elect,Meter_M0518,GUI_NO.M0518.xlsx
248,Academic_Building,Zone_A1_A2_Lift_3_4_Elect,Meter_M0519,GUI_NO.M0519.xlsx
249,Academic_Building,Zone_A1_A2_Lift_3_4_Elect,Meter_M0520,GUI_NO.M0520.xlsx
250,Academic_Building,Zone_A1_A2_Lift_3_4_Elect,Meter_M0521,GUI_NO.M0521.xlsx
251,Academic_Building,Zone_A1_Lift_4_Elect,Meter_D0873,GUI_NO.D0873.xlsx
252,Academic_Building,Zone_A2_Lift_3_Elect,Meter_D0411,GUI_NO.D0411.xlsx
253,Academic_Building,Zone_A2_Lift_3_Elect,Meter_D0620,GUI_NO.D0620.xlsx
254,Academic_Building,Zone_A2_Lift_3_Elect,Meter_D0621,GUI_NO.D0621.xlsx
255,Academic_Building,Zone_A3_A4_Lift_1_2_Elect,Meter_D0613,GUI_NO.D0613.xlsx
256,Academic_Building,Zone_A3_A4_Lift_1_2_Elect,Meter_D0619,GUI_NO.D0619.xlsx
257,Academic_Building,Zone_A3_A4_Lift_1_2_Elect,Meter_D0875,GUI_NO.D0875.xlsx
258,Academic_Building,Zone_A3_A4_Lift_1_2_Elect,Meter_M0213,GUI_NO.M0213.xlsx
259,Academic_Building,Zone_A3_A4_Lift_1_2_Elect,Meter_M0214,GUI_NO.M0214.xlsx
260,Academic_Building,Zone_A3_A4_Lift_1_2_Elect,Meter_M0215,GUI_NO.M0215.xlsx
261,Academic_Building,Zone_A3_A4_Lift_1_2_Elect,Meter_M0216,GUI_NO.M0216.xlsx
262,Academic_Building,Zone_A3_A4_Lift_1_2_Elect,Meter_M0217,GUI_NO.M0217.xlsx
263,Academic_Building,Zone_A3_A4_Lift_1_2_Elect,Meter_M0218,GUI_NO.M0218.xlsx
264,Academic_Building,Zone_A3_A4_Lift_1_2_Elect,Meter_M0219,GUI_NO.M0219.xlsx
265,Academic_Building,Zone_A3_A4_Lift_1_2_Elect,Meter_M0220,GUI_NO.M0220.xlsx
266,Academic_Building,Zone_A3_A4_Lift_1_2_Elect,Meter_M0221,GUI_NO.M0221.xlsx
267,Academic_Building,Zone_A3_A4_Lift_1_2_Elect,Meter_M0222,GUI_NO.M0222.xlsx
268,Academic_Building,Zone_A3_A4_Lift_1_2_Elect,Meter_M0223,GUI_NO.M0223.xlsx
269,Academic_Building,Zone_A3_A4_Lift_1_2_Elect,Meter_M0224,GUI_NO.M0224.xlsx
270,Academic_Building,Zone_A3_A4_Lift_1_2_Elect,Meter_M0225,GUI_NO.M0225.xlsx
271,Academic_Building,Zone_A3_A4_Lift_1_2_Elect,Meter_M0226,GUI_NO.M0226.xlsx
272,Academic_Building,Zone_A3_A4_Lift_1_2_Elect,Meter_M0522,GUI_NO.M0522.xlsx
273,Academic_Building,Zone_A3_A4_Lift_1_2_Elect,Meter_M0523,GUI_NO.M0523.xlsx
274,Academic_Building,Zone_A5_A6_Lift_17_18_Elect,Meter_D0606,GUI_NO.D0606.xlsx
275,Academic_Building,Zone_A5_A6_Lift_17_18_Elect,Meter_M0227,GUI_NO.M0227.xlsx
276,Academic_Building,Zone_A5_A6_Lift_17_18_Elect,Meter_M0228,GUI_NO.M0228.xlsx
277,Academic_Building,Zone_A5_A6_Lift_17_18_Elect,Meter_M0229,GUI_NO.M0229.xlsx
278,Academic_Building,Zone_A5_A6_Lift_17_18_Elect,Meter_M0230,GUI_NO.M0230.xlsx
279,Academic_Building,Zone_A5_A6_Lift_17_18_Elect,Meter_M0231,GUI_NO.M0231.xlsx
280,Academic_Building,Zone_A5_A6_Lift_17_18_Elect,Meter_M0232,GUI_NO.M0232.xlsx
281,Academic_Building,Zone_A5_A6_Lift_17_18_Elect,Meter_M0233,GUI_NO.M0233.xlsx
282,Academic_Building,Zone_A5_A6_Lift_17_18_Elect,Meter_M0234,GUI_NO.M0234.xlsx
283,Academic_Building,Zone_A5_A6_Lift_17_18_Elect,Meter_M0235,GUI_NO.M0235.xlsx
284,Academic_Building,Zone_A5_A6_Lift_17_18_Elect,Meter_M0236,GUI_NO.M0236.xlsx
285,Academic_Building,Zone_A5_A6_Lift_17_18_Elect,Meter_M0237,GUI_NO.M0237.xlsx
286,Academic_Building,Zone_A5_A6_Lift_17_18_Elect,Meter_M0241,GUI_NO.M0241.xlsx
287,Academic_Building,Zone_A5_A6_Lift_17_18_Elect,Meter_M0242,GUI_NO.M0242.xlsx
288,Academic_Building,Zone_A5_A6_Lift_17_18_Elect,Meter_M0243,GUI_NO.M0243.xlsx
289,Academic_Building,Zone_A5_A6_Lift_17_18_Elect,Meter_M0244,GUI_NO.M0244.xlsx
290,Academic_Building,Zone_A5_A6_Lift_17_18_Elect,Meter_M0245,GUI_NO.M0245.xlsx
291,Academic_Building,Zone_A5_A6_Lift_17_18_Elect,Meter_M0246,GUI_NO.M0246.xlsx
292,Academic_Building,Zone_A5_A6_Lift_17_18_Elect,Meter_M0247,GUI_NO.M0247.xlsx
293,Academic_Building,Zone_A5_A6_Lift_17_18_Elect,Meter_M0248,GUI_NO.M0248.xlsx
294,Academic_Building,Zone_A5_A6_Lift_17_18_Elect,Meter_M0249,GUI_NO.M0249.xlsx
295,Academic_Building,Zone_A5_A6_Lift_17_18_Elect,Meter_M0250,GUI_NO.M0250.xlsx
296,Academic_Building,Zone_A5_A6_Lift_17_18_Elect,Meter_M0251,GUI_NO.M0251.xlsx
297,Academic_Building,Zone_A5_A6_Lift_17_18_Elect,Meter_M0252,GUI_NO.M0252.xlsx
298,Academic_Building,Zone_A5_A6_Lift_17_18_Elect,Meter_M0253,GUI_NO.M0253.xlsx
299,Academic_Building,Zone_A5_A6_Lift_17_18_Elect,Meter_M0254,GUI_NO.M0254.xlsx
300,Academic_Building,Zone_A5_A6_Lift_17_18_Elect,Meter_M0255,GUI_NO.M0255.xlsx
301,Academic_Building,Zone_A5_A6_Lift_17_18_Elect,Meter_M0256,GUI_NO.M0256.xlsx
302,Academic_Building,Zone_A5_A6_Lift_17_18_Elect,Meter_M0257,GUI_NO.M0257.xlsx
303,Academic_Building,Zone_A5_A6_Lift_17_18_Elect,Meter_M0524,GUI_NO.M0524.xlsx
304,Academic_Building,Zone_A5_A6_Lift_17_18_Elect,Meter_M0525,GUI_NO.M0525.xlsx
305,Academic_Building,Zone_A5_A6_Lift_17_18_Elect,Meter_M0526,GUI_NO.M0526.xlsx
306,Academic_Building,Zone_A5_A6_Lift_17_18_Elect,Meter_M0240,GUI_NO.M0240.xlsx
307,Academic_Building,Zone_A5_A6_Lift_17_18_Elect,Meter_M0238,GUI_NO.M0238.xlsx
308,Academic_Building,Zone_A5_A6_Lift_17_18_Elect,Meter_M0239,GUI_NO.M0239.xlsx
309,Academic_Building,Zone_A5_Lift_17_18_Elect,Meter_D0410,GUI_NO.D0410.xlsx
310,Academic_Building,Zone_A7_Lift_19_Elect,Meter_D0413,GUI_NO.D0413.xlsx
311,Academic_Building,Zone_A7_Lift_19_Elect,Meter_D0623,GUI_NO.D0623.xlsx
312,Academic_Building,Zone_A7_Lift_19_Elect,Meter_D0624,GUI_NO.D0624.xlsx
313,Academic_Building,Zone_A7_Lift_19_Elect,Meter_D0625,GUI_NO.D0625.xlsx
314,Academic_Building,Zone_A7_Lift_19_Elect,Meter_D0626,GUI_NO.D0626.xlsx
315,Academic_Building,Zone_A7_Lift_19_Elect,Meter_M0258,GUI_NO.M0258.xlsx
316,Academic_Building,Zone_A7_Lift_19_Elect,Meter_M0259,GUI_NO.M0259.xlsx
317,Academic_Building,Zone_A7_Lift_19_Elect,Meter_M0260,GUI_NO.M0260.xlsx
318,Academic_Building,Zone_A7_Lift_19_Elect,Meter_M0262,GUI_NO.M0262.xlsx
319,Academic_Building,Zone_A7_Lift_19_Elect,Meter_M0263,GUI_NO.M0263.xlsx
320,Academic_Building,Zone_A7_Lift_19_Elect,Meter_M0264,GUI_NO.M0264.xlsx
321,Academic_Building,Zone_A7_Lift_19_Elect,Meter_M0261,GUI_NO.M0261.xlsx
322,Academic_Building,Zone_D_Lift_25_26_Elect,Meter_D0406,GUI_NO.D0406.xlsx
323,Academic_Building,Zone_D_Lift_25_26_Elect,Meter_D0637,GUI_NO.D0637.xlsx
324,Academic_Building,Zone_D_Lift_25_26_Elect,Meter_D0649,GUI_NO.D0649.xlsx
325,Academic_Building,Zone_D_Lift_25_26_Elect,Meter_M0265,GUI_NO.M0265.xlsx
326,Academic_Building,Zone_D_Lift_25_26_Elect,Meter_M0266,GUI_NO.M0266.xlsx
327,Academic_Building,Zone_D_Lift_25_26_Elect,Meter_M0268,GUI_NO.M0268.xlsx
328,Academic_Building,Zone_D_Lift_25_26_Elect,Meter_M0269,GUI_NO.M0269.xlsx
329,Academic_Building,Zone_D_Lift_25_26_Elect,Meter_M0273,GUI_NO.M0273.xlsx
330,Academic_Building,Zone_D_Lift_25_26_Elect,Meter_M0274,GUI_NO.M0274.xlsx
331,Academic_Building,Zone_D_Lift_25_26_Elect,Meter_M0436,GUI_NO.M0436.xlsx
332,Academic_Building,Zone_D_Lift_25_26_Elect,Meter_M0437,GUI_NO.M0437.xlsx
333,Academic_Building,Zone_D_Lift_25_26_Elect,Meter_M0438,GUI_NO.M0438.xlsx
334,Academic_Building,Zone_D_Lift_25_26_Elect,Meter_M0439,GUI_NO.M0439.xlsx
335,Academic_Building,Zone_D_Lift_25_26_Elect,Meter_M0440,GUI_NO.M0440.xlsx
336,Academic_Building,Zone_D_Lift_25_26_Elect,Meter_M0511,GUI_NO.M0511.xlsx
337,Academic_Building,Zone_D_Lift_25_26_Elect,Meter_M0545,GUI_NO.M0545.xlsx
338,Academic_Building,Zone_D_Lift_25_26_Elect,Meter_M0546,GUI_NO.M0546.xlsx
339,Academic_Building,Zone_D_Lift_25_26_Elect,Meter_M0547,GUI_NO.M0547.xlsx
340,Academic_Building,Zone_D_Lift_25_26_Elect,Meter_M0548,GUI_NO.M0548.xlsx
341,Academic_Building,Zone_D_Lift_25_26_Elect,Meter_D0668,GUI_NO.D0668.xlsx
342,Academic_Building,Zone_D_Lift_25_26_Elect,Meter_D0669,GUI_NO.D0669.xlsx
343,Academic_Building,Zone_D_Lift_25_26_Elect,Meter_M0267,GUI_NO.M0267.xlsx
344,Academic_Building,Zone_D_Lift_25_26_Elect,Meter_M0270,GUI_NO.M0270.xlsx
345,Academic_Building,Zone_D_Lift_25_26_Elect,Meter_M0271,GUI_NO.M0271.xlsx
346,Academic_Building,Zone_D_Lift_25_26_Elect,Meter_M0272,GUI_NO.M0272.xlsx
347,Academic_Building,Zone_E_Lift_27_28_Elect,Meter_D0407,GUI_NO.D0407.xlsx
348,Academic_Building,Zone_E_Lift_27_28_Elect,Meter_D0640,GUI_NO.D0640.xlsx
349,Academic_Building,Zone_E_Lift_27_28_Elect,Meter_D0650,GUI_NO.D0650.xlsx
350,Academic_Building,Zone_E_Lift_27_28_Elect,Meter_M0276,GUI_NO.M0276.xlsx
351,Academic_Building,Zone_E_Lift_27_28_Elect,Meter_M0277,GUI_NO.M0277.xlsx
352,Academic_Building,Zone_E_Lift_27_28_Elect,Meter_M0278,GUI_NO.M0278.xlsx
353,Academic_Building,Zone_E_Lift_27_28_Elect,Meter_M0279,GUI_NO.M0279.xlsx
354,Academic_Building,Zone_E_Lift_27_28_Elect,Meter_M0280,GUI_NO.M0280.xlsx
355,Academic_Building,Zone_E_Lift_27_28_Elect,Meter_M0284,GUI_NO.M0284.xlsx
356,Academic_Building,Zone_E_Lift_27_28_Elect,Meter_M0285,GUI_NO.M0285.xlsx
357,Academic_Building,Zone_E_Lift_27_28_Elect,Meter_M0286,GUI_NO.M0286.xlsx
358,Academic_Building,Zone_E_Lift_27_28_Elect,Meter_M0287,GUI_NO.M0287.xlsx
359,Academic_Building,Zone_E_Lift_27_28_Elect,Meter_M0288,GUI_NO.M0288.xlsx
360,Academic_Building,Zone_E_Lift_27_28_Elect,Meter_M0441,GUI_NO.M0441.xlsx
361,Academic_Building,Zone_E_Lift_27_28_Elect,Meter_M0442,GUI_NO.M0442.xlsx
362,Academic_Building,Zone_E_Lift_27_28_Elect,Meter_M0443,GUI_NO.M0443.xlsx
363,Academic_Building,Zone_E_Lift_27_28_Elect,Meter_M0444,GUI_NO.M0444.xlsx
364,Academic_Building,Zone_E_Lift_27_28_Elect,Meter_M0445,GUI_NO.M0445.xlsx
365,Academic_Building,Zone_E_Lift_27_28_Elect,Meter_M0446,GUI_NO.M0446.xlsx
366,Academic_Building,Zone_E_Lift_27_28_Elect,Meter_D0693,GUI_NO.D0693.xlsx
367,Academic_Building,Zone_E_Lift_27_28_Elect,Meter_D0694,GUI_NO.D0694.xlsx
368,Academic_Building,Zone_E_Lift_27_28_Elect,Meter_M0275,GUI_NO.M0275.xlsx
369,Academic_Building,Zone_E_Lift_27_28_Elect,Meter_M0281,GUI_NO.M0281.xlsx
370,Academic_Building,Zone_E_Lift_27_28_Elect,Meter_M0282,GUI_NO.M0282.xlsx
371,Academic_Building,Zone_E_Lift_27_28_Elect,Meter_M0283,GUI_NO.M0283.xlsx
372,Academic_Building,Zone_H1_Lift_23_Elect,Meter_D0635,GUI_NO.D0635.xlsx
373,Academic_Building,Zone_H1_Lift_23_Elect,Meter_D0647,GUI_NO.D0647.xlsx
374,Academic_Building,Zone_H1_Lift_23_Elect,Meter_D0685,GUI_NO.D0685.xlsx
375,Academic_Building,Zone_H1_Lift_23_Elect,Meter_D0687,GUI_NO.D0687.xlsx
376,Academic_Building,Zone_H1_Lift_23_Elect,Meter_D0688,GUI_NO.D0688.xlsx
377,Academic_Building,Zone_H1_Lift_23_Elect,Meter_M0297,GUI_NO.M0297.xlsx
378,Academic_Building,Zone_H1_Lift_23_Elect,Meter_M0299,GUI_NO.M0299.xlsx
379,Academic_Building,Zone_H1_Lift_23_Elect,Meter_M0301,GUI_NO.M0301.xlsx
380,Academic_Building,Zone_H1_Lift_23_Elect,Meter_M0302,GUI_NO.M0302.xlsx
381,Academic_Building,Zone_H1_Lift_23_Elect,Meter_M0303,GUI_NO.M0303.xlsx
382,Academic_Building,Zone_H1_Lift_23_Elect,Meter_M0304,GUI_NO.M0304.xlsx
383,Academic_Building,Zone_H1_Lift_23_Elect,Meter_M0305,GUI_NO.M0305.xlsx
384,Academic_Building,Zone_H1_Lift_23_Elect,Meter_M0447,GUI_NO.M0447.xlsx
385,Academic_Building,Zone_H1_Lift_23_Elect,Meter_M0448,GUI_NO.M0448.xlsx
386,Academic_Building,Zone_H1_Lift_23_Elect,Meter_M0449,GUI_NO.M0449.xlsx
387,Academic_Building,Zone_H1_Lift_23_Elect,Meter_M0450,GUI_NO.M0450.xlsx
388,Academic_Building,Zone_H1_Lift_23_Elect,Meter_M0451,GUI_NO.M0451.xlsx
389,Academic_Building,Zone_H1_Lift_23_Elect,Meter_M0452,GUI_NO.M0452.xlsx
390,Academic_Building,Zone_H1_Lift_23_Elect,Meter_M0298,GUI_NO.M0298.xlsx
391,Academic_Building,Zone_H1_Lift_23_Elect,Meter_M0300,GUI_NO.M0300.xlsx
392,Academic_Building,Zone_H1_Lift_23_Elect,Meter_D0684,GUI_NO.D0684.xlsx
393,Academic_Building,Zone_H1_Lift_23_Elect,Meter_D0686,GUI_NO.D0686.xlsx
394,Academic_Building,Zone_H1_Lift_24_Elect,Meter_M0505,GUI_NO.M0505.xlsx
395,Academic_Building,Zone_H2_Lift_24_Elect,Meter_D0636,GUI_NO.D0636.xlsx
396,Academic_Building,Zone_H2_Lift_24_Elect,Meter_D0648,GUI_NO.D0648.xlsx
397,Academic_Building,Zone_H2_Lift_24_Elect,Meter_D0680,GUI_NO.D0680.xlsx
398,Academic_Building,Zone_H2_Lift_24_Elect,Meter_D0682,GUI_NO.D0682.xlsx
399,Academic_Building,Zone_H2_Lift_24_Elect,Meter_D0683,GUI_NO.D0683.xlsx
400,Academic_Building,Zone_H2_Lift_24_Elect,Meter_M0306,GUI_NO.M0306.xlsx
401,Academic_Building,Zone_H2_Lift_24_Elect,Meter_M0308,GUI_NO.M0308.xlsx
402,Academic_Building,Zone_H2_Lift_24_Elect,Meter_M0309,GUI_NO.M0309.xlsx
403,Academic_Building,Zone_H2_Lift_24_Elect,Meter_M0311,GUI_NO.M0311.xlsx
404,Academic_Building,Zone_H2_Lift_24_Elect,Meter_M0312,GUI_NO.M0312.xlsx
405,Academic_Building,Zone_H2_Lift_24_Elect,Meter_M0313,GUI_NO.M0313.xlsx
406,Academic_Building,Zone_H2_Lift_24_Elect,Meter_M0314,GUI_NO.M0314.xlsx
407,Academic_Building,Zone_H2_Lift_24_Elect,Meter_M0453,GUI_NO.M0453.xlsx
408,Academic_Building,Zone_H2_Lift_24_Elect,Meter_M0454,GUI_NO.M0454.xlsx
409,Academic_Building,Zone_H2_Lift_24_Elect,Meter_M0455,GUI_NO.M0455.xlsx
410,Academic_Building,Zone_H2_Lift_24_Elect,Meter_M0456,GUI_NO.M0456.xlsx
411,Academic_Building,Zone_H2_Lift_24_Elect,Meter_M0457,GUI_NO.M0457.xlsx
412,Academic_Building,Zone_H2_Lift_24_Elect,Meter_M0458,GUI_NO.M0458.xlsx
413,Academic_Building,Zone_H2_Lift_24_Elect,Meter_D0681,GUI_NO.D0681.xlsx
414,Academic_Building,Zone_H2_Lift_24_Elect,Meter_M0307,GUI_NO.M0307.xlsx
415,Academic_Building,Zone_H2_Lift_24_Elect,Meter_M0310,GUI_NO.M0310.xlsx
416,Academic_Building,Zone_H2_Lift_24_Elect,Meter_D0679,GUI_NO.D0679.xlsx
417,Academic_Building,Zone_J1_Lift_20_Elect,Meter_D0671,GUI_NO.D0671.xlsx
418,Academic_Building,Zone_J1_Lift_20_Elect,Meter_D0672,GUI_NO.D0672.xlsx
419,Academic_Building,Zone_J1_Lift_20_Elect,Meter_D0674,GUI_NO.D0674.xlsx
420,Academic_Building,Zone_J1_Lift_20_Elect,Meter_M0150,GUI_NO.M0150.xlsx
421,Academic_Building,Zone_J1_Lift_20_Elect,Meter_M0151,GUI_NO.M0151.xlsx
422,Academic_Building,Zone_J1_Lift_20_Elect,Meter_M0153,GUI_NO.M0153.xlsx
423,Academic_Building,Zone_J1_Lift_20_Elect,Meter_M0154,GUI_NO.M0154.xlsx
424,Academic_Building,Zone_J1_Lift_20_Elect,Meter_M0156,GUI_NO.M0156.xlsx
425,Academic_Building,Zone_J1_Lift_20_Elect,Meter_M0157,GUI_NO.M0157.xlsx
426,Academic_Building,Zone_J1_Lift_20_Elect,Meter_M0159,GUI_NO.M0159.xlsx
427,Academic_Building,Zone_J1_Lift_20_Elect,Meter_M0160,GUI_NO.M0160.xlsx
428,Academic_Building,Zone_J1_Lift_20_Elect,Meter_M0161,GUI_NO.M0161.xlsx
429,Academic_Building,Zone_J1_Lift_20_Elect,Meter_M0420,GUI_NO.M0420.xlsx
430,Academic_Building,Zone_J1_Lift_20_Elect,Meter_M0421,GUI_NO.M0421.xlsx
431,Academic_Building,Zone_J1_Lift_20_Elect,Meter_M0422,GUI_NO.M0422.xlsx
432,Academic_Building,Zone_J1_Lift_20_Elect,Meter_M0423,GUI_NO.M0423.xlsx
433,Academic_Building,Zone_J1_Lift_20_Elect,Meter_M0424,GUI_NO.M0424.xlsx
434,Academic_Building,Zone_J1_Lift_20_Elect,Meter_M0425,GUI_NO.M0425.xlsx
435,Academic_Building,Zone_J1_Lift_20_Elect,Meter_M0426,GUI_NO.M0426.xlsx
436,Academic_Building,Zone_J1_Lift_20_Elect,Meter_M0427,GUI_NO.M0427.xlsx
437,Academic_Building,Zone_J1_Lift_20_Elect,Meter_M0428,GUI_NO.M0428.xlsx
438,Academic_Building,Zone_J1_Lift_20_Elect,Meter_M0504,GUI_NO.M0504.xlsx
439,Academic_Building,Zone_J1_Lift_20_Elect,Meter_M0152,GUI_NO.M0152.xlsx
440,Academic_Building,Zone_J1_Lift_20_Elect,Meter_M0155,GUI_NO.M0155.xlsx
441,Academic_Building,Zone_J1_Lift_20_Elect,Meter_D0670,GUI_NO.D0670.xlsx
442,Academic_Building,Zone_J1_Lift_20_Elect,Meter_D0673,GUI_NO.D0673.xlsx
443,Academic_Building,Zone_J2_Lift_21_Elect,Meter_D0676,GUI_NO.D0676.xlsx
444,Academic_Building,Zone_J2_Lift_21_Elect,Meter_D0677,GUI_NO.D0677.xlsx
445,Academic_Building,Zone_J2_Lift_21_Elect,Meter_D0678,GUI_NO.D0678.xlsx
446,Academic_Building,Zone_J2_Lift_21_Elect,Meter_M0162,GUI_NO.M0162.xlsx
447,Academic_Building,Zone_J2_Lift_21_Elect,Meter_M0164,GUI_NO.M0164.xlsx
448,Academic_Building,Zone_J2_Lift_21_Elect,Meter_M0166,GUI_NO.M0166.xlsx
449,Academic_Building,Zone_J2_Lift_21_Elect,Meter_M0168,GUI_NO.M0168.xlsx
450,Academic_Building,Zone_J2_Lift_21_Elect,Meter_M0170,GUI_NO.M0170.xlsx
451,Academic_Building,Zone_J2_Lift_21_Elect,Meter_M0171,GUI_NO.M0171.xlsx
452,Academic_Building,Zone_J2_Lift_21_Elect,Meter_M0172,GUI_NO.M0172.xlsx
453,Academic_Building,Zone_J2_Lift_21_Elect,Meter_M0173,GUI_NO.M0173.xlsx
454,Academic_Building,Zone_J2_Lift_21_Elect,Meter_M0174,GUI_NO.M0174.xlsx
455,Academic_Building,Zone_J2_Lift_21_Elect,Meter_M0175,GUI_NO.M0175.xlsx
456,Academic_Building,Zone_J2_Lift_21_Elect,Meter_M0176,GUI_NO.M0176.xlsx
457,Academic_Building,Zone_J2_Lift_21_Elect,Meter_M0177,GUI_NO.M0177.xlsx
458,Academic_Building,Zone_J2_Lift_21_Elect,Meter_M0178,GUI_NO.M0178.xlsx
459,Academic_Building,Zone_J2_Lift_21_Elect,Meter_M0179,GUI_NO.M0179.xlsx
460,Academic_Building,Zone_J2_Lift_21_Elect,Meter_M0429,GUI_NO.M0429.xlsx
461,Academic_Building,Zone_J2_Lift_21_Elect,Meter_M0430,GUI_NO.M0430.xlsx
462,Academic_Building,Zone_J2_Lift_21_Elect,Meter_M0431,GUI_NO.M0431.xlsx
463,Academic_Building,Zone_J2_Lift_21_Elect,Meter_M0432,GUI_NO.M0432.xlsx
464,Academic_Building,Zone_J2_Lift_21_Elect,Meter_M0433,GUI_NO.M0433.xlsx
465,Academic_Building,Zone_J2_Lift_21_Elect,Meter_M0434,GUI_NO.M0434.xlsx
466,Academic_Building,Zone_J2_Lift_21_Elect,Meter_M0435,GUI_NO.M0435.xlsx
467,Academic_Building,Zone_J2_Lift_21_Elect,Meter_M0163,GUI_NO.M0163.xlsx
468,Academic_Building,Zone_J2_Lift_21_Elect,Meter_M0165,GUI_NO.M0165.xlsx
469,Academic_Building,Zone_J2_Lift_21_Elect,Meter_M0167,GUI_NO.M0167.xlsx
470,Academic_Building,Zone_J2_Lift_21_Elect,Meter_M0169,GUI_NO.M0169.xlsx
471,Academic_Building,Zone_J2_Lift_21_Elect,Meter_D0675,GUI_NO.D0675.xlsx
472,Academic_Building,Zone_J_Lift_20_21_Elect,Meter_D0639,GUI_NO.D0639.xlsx
473,Academic_Building,Zone_J_Lift_20_21_Elect,Meter_D0651,GUI_NO.D0651.xlsx
474,Academic_Building,Zone_J_Lift_20_21_Elect,Meter_D0689,GUI_NO.D0689.xlsx
475,Academic_Building,Zone_J_Lift_20_21_Elect,Meter_D0690,GUI_NO.D0690.xlsx
476,Academic_Building,Zone_J_Lift_20_21_Elect,Meter_D0691,GUI_NO.D0691.xlsx
477,Academic_Building,Zone_J_Lift_20_21_Elect,Meter_D0692,GUI_NO.D0692.xlsx
478,Academic_Building,Zone_L1_Lift_22_Elect,Meter_D0633,GUI_NO.D0633.xlsx
479,Academic_Building,Zone_L1_Lift_22_Elect,Meter_D0645,GUI_NO.D0645.xlsx
480,Academic_Building,Zone_L1_Lift_22_Elect,Meter_D0661,GUI_NO.D0661.xlsx
481,Academic_Building,Zone_L1_Lift_22_Elect,Meter_D0663,GUI_NO.D0663.xlsx
482,Academic_Building,Zone_L1_Lift_22_Elect,Meter_D0665,GUI_NO.D0665.xlsx
483,Academic_Building,Zone_L1_Lift_22_Elect,Meter_D0667,GUI_NO.D0667.xlsx
484,Academic_Building,Zone_L1_Lift_22_Elect,Meter_M0315,GUI_NO.M0315.xlsx
485,Academic_Building,Zone_L1_Lift_22_Elect,Meter_M0316,GUI_NO.M0316.xlsx
486,Academic_Building,Zone_L1_Lift_22_Elect,Meter_M0317,GUI_NO.M0317.xlsx
487,Academic_Building,Zone_L1_Lift_22_Elect,Meter_M0319,GUI_NO.M0319.xlsx
488,Academic_Building,Zone_L1_Lift_22_Elect,Meter_M0320,GUI_NO.M0320.xlsx
489,Academic_Building,Zone_L1_Lift_22_Elect,Meter_M0321,GUI_NO.M0321.xlsx
490,Academic_Building,Zone_L1_Lift_22_Elect,Meter_M0323,GUI_NO.M0323.xlsx
491,Academic_Building,Zone_L1_Lift_22_Elect,Meter_M0324,GUI_NO.M0324.xlsx
492,Academic_Building,Zone_L1_Lift_22_Elect,Meter_M0325,GUI_NO.M0325.xlsx
493,Academic_Building,Zone_L1_Lift_22_Elect,Meter_M0326,GUI_NO.M0326.xlsx
494,Academic_Building,Zone_L1_Lift_22_Elect,Meter_M0327,GUI_NO.M0327.xlsx
495,Academic_Building,Zone_L1_Lift_22_Elect,Meter_M0328,GUI_NO.M0328.xlsx
496,Academic_Building,Zone_L1_Lift_22_Elect,Meter_M0329,GUI_NO.M0329.xlsx
497,Academic_Building,Zone_L1_Lift_22_Elect,Meter_M0330,GUI_NO.M0330.xlsx
498,Academic_Building,Zone_L1_Lift_22_Elect,Meter_M0331,GUI_NO.M0331.xlsx
499,Academic_Building,Zone_L1_Lift_22_Elect,Meter_M0332,GUI_NO.M0332.xlsx
500,Academic_Building,Zone_L1_Lift_22_Elect,Meter_M0333,GUI_NO.M0333.xlsx
501,Academic_Building,Zone_L1_Lift_22_Elect,Meter_M0459,GUI_NO.M0459.xlsx
502,Academic_Building,Zone_L1_Lift_22_Elect,Meter_M0460,GUI_NO.M0460.xlsx
503,Academic_Building,Zone_L1_Lift_22_Elect,Meter_M0461,GUI_NO.M0461.xlsx
504,Academic_Building,Zone_L1_Lift_22_Elect,Meter_M0462,GUI_NO.M0462.xlsx
505,Academic_Building,Zone_L1_Lift_22_Elect,Meter_M0463,GUI_NO.M0463.xlsx
506,Academic_Building,Zone_L1_Lift_22_Elect,Meter_M0464,GUI_NO.M0464.xlsx
507,Academic_Building,Zone_L1_Lift_22_Elect,Meter_M0465,GUI_NO.M0465.xlsx
508,Academic_Building,Zone_L1_Lift_22_Elect,Meter_M0466,GUI_NO.M0466.xlsx
509,Academic_Building,Zone_L1_Lift_22_Elect,Meter_M0467,GUI_NO.M0467.xlsx
510,Academic_Building,Zone_L1_Lift_22_Elect,Meter_M0468,GUI_NO.M0468.xlsx
511,Academic_Building,Zone_L1_Lift_22_Elect,Meter_M0469,GUI_NO.M0469.xlsx
512,Academic_Building,Zone_L1_Lift_22_Elect,Meter_M0470,GUI_NO.M0470.xlsx
513,Academic_Building,Zone_L1_Lift_22_Elect,Meter_M0512,GUI_NO.M0512.xlsx
514,Academic_Building,Zone_L1_Lift_22_Elect,Meter_M0322,GUI_NO.M0322.xlsx
515,Academic_Building,Zone_L1_Lift_22_Elect,Meter_D0660,GUI_NO.D0660.xlsx
516,Academic_Building,Zone_L1_Lift_22_Elect,Meter_D0662,GUI_NO.D0662.xlsx
517,Academic_Building,Zone_L1_Lift_22_Elect,Meter_D0664,GUI_NO.D0664.xlsx
518,Academic_Building,Zone_L1_Lift_22_Elect,Meter_D0666,GUI_NO.D0666.xlsx
519,Academic_Building,Zone_L2_Lift_22_Elect,Meter_D0634,GUI_NO.D0634.xlsx
520,Academic_Building,Zone_L2_Lift_22_Elect,Meter_D0646,GUI_NO.D0646.xlsx
521,Academic_Building,Zone_L2_Lift_22_Elect,Meter_M0334,GUI_NO.M0334.xlsx
522,Academic_Building,Zone_L2_Lift_22_Elect,Meter_M0335,GUI_NO.M0335.xlsx
523,Academic_Building,Zone_L2_Lift_22_Elect,Meter_M0336,GUI_NO.M0336.xlsx
524,Academic_Building,Zone_L2_Lift_22_Elect,Meter_M0338,GUI_NO.M0338.xlsx
525,Academic_Building,Zone_L2_Lift_22_Elect,Meter_M0339,GUI_NO.M0339.xlsx
526,Academic_Building,Zone_L2_Lift_22_Elect,Meter_M0340,GUI_NO.M0340.xlsx
527,Academic_Building,Zone_L2_Lift_22_Elect,Meter_M0341,GUI_NO.M0341.xlsx
528,Academic_Building,Zone_L2_Lift_22_Elect,Meter_M0342,GUI_NO.M0342.xlsx
529,Academic_Building,Zone_L2_Lift_22_Elect,Meter_M0471,GUI_NO.M0471.xlsx
530,Academic_Building,Zone_L2_Lift_22_Elect,Meter_M0472,GUI_NO.M0472.xlsx
531,Academic_Building,Zone_L2_Lift_22_Elect,Meter_M0473,GUI_NO.M0473.xlsx
532,Academic_Building,Zone_L2_Lift_22_Elect,Meter_M0474,GUI_NO.M0474.xlsx
533,Academic_Building,Zone_L2_Lift_22_Elect,Meter_M0475,GUI_NO.M0475.xlsx
534,Academic_Building,Zone_L2_Lift_22_Elect,Meter_M0506,GUI_NO.M0506.xlsx
535,Academic_Building,Zone_L2_Lift_22_Elect,Meter_M0507,GUI_NO.M0507.xlsx
536,Academic_Building,Zone_L2_Lift_22_Elect,Meter_M0513,GUI_NO.M0513.xlsx
537,Academic_Building,Zone_L2_Lift_22_Elect,Meter_M0514,GUI_NO.M0514.xlsx
538,Academic_Building,Zone_L2_Lift_22_Elect,Meter_M0515,GUI_NO.M0515.xlsx
539,Academic_Building,Zone_L2_Lift_22_Elect,Meter_M0516,GUI_NO.M0516.xlsx
540,Academic_Building,Zone_L2_Lift_22_Elect,Meter_M0517,GUI_NO.M0517.xlsx
541,Academic_Building,Animal_Care_Facility_7_F_Elect,Meter_H0001,GUI_NO.H0001.xlsx
543,Academic_Building,Animal_Care_Facility_7_F_Elect,Meter_H0002,GUI_NO.H0002.xlsx
545,Academic_Building,Animal_Care_Facility_7_F_Elect,Meter_H0003,GUI_NO.H0003.xlsx
547,Academic_Building,Animal_Care_Facility_7_F_Elect,Meter_H0004,GUI_NO.H0004.xlsx
549,Academic_Building,Animal_Care_Facility_7_F_Elect,Meter_H0005,GUI_NO.H0005.xlsx
551,Academic_Building,Animal_Care_Facility_7_F_Elect,Meter_H0006,GUI_NO.H0006.xlsx
553,Academic_Building,Animal_Care_Facility_7_F_Elect,Meter_H0007,GUI_NO.H0007.xlsx
555,Academic_Building,Animal_Care_Facility_7_F_Elect,Meter_H0008,GUI_NO.H0008.xlsx
557,Academic_Building,Animal_Care_Facility_7_F_Elect,Meter_H0009,GUI_NO.H0009.xlsx
559,Academic_Building,Animal_Care_Facility_7_F_Elect,Meter_H0010,GUI_NO.H0010.xlsx
561,Academic_Building,Animal_Care_Facility_7_F_Elect,Meter_H0011,GUI_NO.H0011.xlsx
563,Academic_Building,Animal_Care_Facility_7_F_Elect,Meter_H0012,GUI_NO.H0012.xlsx
565,Academic_Building,Animal_Care_Facility_7_F_Elect,Meter_H0013,GUI_NO.H0013.xlsx
567,Academic_Building,Animal_Care_Facility_7_F_Elect,Meter_H0015,GUI_NO.H0015.xlsx
569,Academic_Building,Animal_Care_Facility_7_F_Elect,Meter_H0016,GUI_NO.H0016.xlsx
571,Academic_Building,Animal_Care_Facility_7_F_Elect,Meter_H0018,GUI_NO.H0018.xlsx
573,Academic_Building,Animal_Care_Facility_7_F_Elect,Meter_H0019,GUI_NO.H0019.xlsx
575,Academic_Building,Animal_Care_Facility_7_F_Elect,Meter_H0020,GUI_NO.H0020.xlsx
577,Academic_Building,Animal_Care_Facility_7_F_Elect,Meter_H0021,GUI_NO.H0021.xlsx
579,Academic_Building,Animal_Care_Facility_7_F_Elect,Meter_H0022,GUI_NO.H0022.xlsx
581,Academic_Building,Animal_Care_Facility_7_F_Elect,Meter_H0024,GUI_NO.H0024.xlsx
583,Academic_Building,Animal_Care_Facility_7_F_Elect,Meter_H0025,GUI_NO.H0025.xlsx
585,Academic_Building,Animal_Care_Facility_7_F_Elect,Meter_H0026,GUI_NO.H0026.xlsx
587,Academic_Building,Animal_Care_Facility_7_F_Elect,Meter_H0031,GUI_NO.H0031.xlsx
589,Academic_Building,Animal_Care_Facility_7_F_Elect,Meter_H0033,GUI_NO.H0033.xlsx
591,Academic_Building,Animal_Care_Facility_7_F_Elect,Meter_H0035,GUI_NO.H0035.xlsx
593,Academic_Building,Animal_Care_Facility_7_F_Elect,Meter_H0036,GUI_NO.H0036.xlsx
595,Academic_Building,Animal_Care_Facility_7_F_Elect,Meter_H0037,GUI_NO.H0037.xlsx
597,Academic_Building,Animal_Care_Facility_7_F_Elect,Meter_H0038,GUI_NO.H0038.xlsx
599,Academic_Building,Animal_Care_Facility_7_F_Elect,Meter_H0039,GUI_NO.H0039.xlsx
601,Academic_Building,Animal_Care_Facility_7_F_Elect,Meter_H0040,GUI_NO.H0040.xlsx
603,Academic_Building,Animal_Care_Facility_7_F_Elect,Meter_H0041,GUI_NO.H0041.xlsx
605,Academic_Building,Animal_Care_Facility_7_F_Elect,Meter_H0042,GUI_NO.H0042.xlsx
607,Academic_Building,Animal_Care_Facility_7_F_Elect,Meter_H0043,GUI_NO.H0043.xlsx
609,Academic_Building,Animal_Care_Facility_7_F_Elect,Meter_H0044,GUI_NO.H0044.xlsx
611,Academic_Building,Animal_Care_Facility_7_F_Elect,Meter_H0045,GUI_NO.H0045.xlsx
613,Academic_Building,Animal_Care_Facility_7_F_Elect,Meter_H0046,GUI_NO.H0046.xlsx
615,Academic_Building,Animal_Care_Facility_7_F_Elect,Meter_H0048,GUI_NO.H0048.xlsx
617,Academic_Building,Animal_Care_Facility_7_F_Elect,Meter_H0050,GUI_NO.H0050.xlsx
619,Academic_Building,Animal_Care_Facility_7_F_Elect,Meter_H0051,GUI_NO.H0051.xlsx
621,Academic_Building,Animal_Care_Facility_7_F_Elect,Meter_H0056,GUI_NO.H0056.xlsx
623,Academic_Building,Animal_Care_Facility_7_F_Elect,Meter_H0057,GUI_NO.H0057.xlsx
625,Academic_Building,Animal_Care_Facility_7_F_Elect,Meter_H0058,GUI_NO.H0058.xlsx
627,Academic_Building,Animal_Care_Facility_7_F_Elect,Meter_H0059,GUI_NO.H0059.xlsx
629,Academic_Building,Animal_Care_Facility_7_F_Elect,Meter_H0060,GUI_NO.H0060.xlsx
631,Academic_Building,Animal_Care_Facility_7_F_Elect,Meter_H0062,GUI_NO.H0062.xlsx
633,Academic_Building,Animal_Care_Facility_7_F_Elect,Meter_H0063,GUI_NO.H0063.xlsx
635,Academic_Building,Animal_Care_Facility_7_F_Elect,Meter_H0064,GUI_NO.H0064.xlsx
637,Academic_Building,Animal_Care_Facility_7_F_Elect,Meter_H0065,GUI_NO.H0065.xlsx
639,Academic_Building,Animal_Care_Facility_7_F_Elect,Meter_H0014,GUI_NO.H0014.xlsx
641,Academic_Building,Animal_Care_Facility_7_F_Elect,Meter_H0017,GUI_NO.H0017.xlsx
643,Academic_Building,Animal_Care_Facility_7_F_Elect,Meter_H0023,GUI_NO.H0023.xlsx
645,Academic_Building,Animal_Care_Facility_7_F_Elect,Meter_H0027,GUI_NO.H0027.xlsx
647,Academic_Building,Animal_Care_Facility_7_F_Elect,Meter_H0028,GUI_NO.H0028.xlsx
649,Academic_Building,Animal_Care_Facility_7_F_Elect,Meter_H0029,GUI_NO.H0029.xlsx
651,Academic_Building,Animal_Care_Facility_7_F_Elect,Meter_H0030,GUI_NO.H0030.xlsx
653,Academic_Building,Animal_Care_Facility_7_F_Elect,Meter_H0032,GUI_NO.H0032.xlsx
655,Academic_Building,Animal_Care_Facility_7_F_Elect,Meter_H0034,GUI_NO.H0034.xlsx
657,Academic_Building,Animal_Care_Facility_7_F_Elect,Meter_H0047,GUI_NO.H0047.xlsx
659,Academic_Building,Animal_Care_Facility_7_F_Elect,Meter_H0049,GUI_NO.H0049.xlsx
661,Academic_Building,Animal_Care_Facility_7_F_Elect,Meter_H0052,GUI_NO.H0052.xlsx
663,Academic_Building,Animal_Care_Facility_7_F_Elect,Meter_H0053,GUI_NO.H0053.xlsx
665,Academic_Building,Animal_Care_Facility_7_F_Elect,Meter_H0054,GUI_NO.H0054.xlsx
667,Academic_Building,Animal_Care_Facility_7_F_Elect,Meter_H0055,GUI_NO.H0055.xlsx
669,Academic_Building,Animal_Care_Facility_7_F_Elect,Meter_H0061,GUI_NO.H0061.xlsx
